,idx,file,data_set,zero_crossing_rate,signal_power,danceability
0,0,Albums-AnaBelen_Veneo-01,1,1152.651711764573,0.02849657180457185,1.1227014822001846
1,1,Albums-AnaBelen_Veneo-02,1,2444.3382004468413,0.019984121921927587,1.1362810095281408
2,2,Albums-AnaBelen_Veneo-03,1,1404.708945396368,0.017350301407528343,1.0250456032961557
3,3,Albums-AnaBelen_Veneo-11,1,2102.6038133114985,0.013975658895564843,1.4750777029156277
4,4,Albums-AnaBelen_Veneo-13,1,1244.4959795335428,0.026011658398815272,1.110416571585542
5,5,Albums-AnaBelen_Veneo-15,1,1839.4871311113543,0.01991918576108175,0.9401792571454828
6,6,Albums-Ballroom_Classics4-01,1,1206.3066751887507,0.0377343477348402,0.9953930879830732
7,7,Albums-Ballroom_Classics4-02,1,932.5550273638797,0.03953387862296882,0.9396524054729318
8,8,Albums-Ballroom_Classics4-03,1,947.6236367994247,0.031026937851489363,0.816087109158088
9,9,Albums-Ballroom_Classics4-04,1,1011.9562177925136,0.03557358387543868,0.9490603622277212
10,10,Albums-Ballroom_Classics4-05,1,911.2576399153118,0.043958800532776635,0.8794030863314949
11,11,Albums-Ballroom_Classics4-06,1,1171.1046418727278,0.027563799917473028,1.1097479358569933
12,12,Albums-Ballroom_Classics4-07,1,2218.6403946790233,0.048795810551806484,0.9688909511738308
13,13,Albums-Ballroom_Classics4-08,1,1730.8767426996362,0.040848920898210316,1.0219420149231573
14,14,Albums-Ballroom_Classics4-09,1,2022.1193025206726,0.024681080041816204,1.0928547570071878
15,15,Albums-Ballroom_Classics4-10,1,1241.319957655894,0.026185847885970902,1.310097832371799
16,16,Albums-Ballroom_Classics4-11,1,1197.2466344425357,0.03590199670333048,0.9536918380376216
17,17,Albums-Ballroom_Classics4-12,1,1210.144609115967,0.03021138436616797,1.0457293045548737
18,18,Albums-Ballroom_Classics4-13,1,1732.3238325410455,0.02738878585669284,0.9935047832265644
19,19,Albums-Ballroom_Classics4-14,1,1327.6105540686292,0.035653825026040795,1.1310292740095578
20,20,Albums-Ballroom_Classics4-18,1,2887.3217353093914,0.02930823949467605,1.0150684982045841
21,21,Albums-Ballroom_Classics4-19,1,2720.0570247273595,0.03303289435567325,1.0985218556134957
22,22,Albums-Ballroom_Classics4-20,1,2885.8117285183557,0.02321585756434931,1.0258711410593435
23,23,Albums-Ballroom_Magic-01,1,1785.822256324615,0.04098493859336176,0.8703120200873524
24,24,Albums-Ballroom_Magic-02,1,1755.2538497239816,0.026302163775548247,0.9781338096718168
25,25,Albums-Ballroom_Magic-03,1,1856.0608862006118,0.011199565547661605,1.0232613869989275
26,26,Albums-Ballroom_Magic-04,1,1310.6578773597364,0.031823579240873194,1.0282798036258574
27,27,Albums-Ballroom_Magic-05,1,725.9731902348617,0.04367620101997803,0.952440293620245
28,28,Albums-Ballroom_Magic-06,1,2185.908013811469,0.03545083708832302,1.1857138822508362
29,29,Albums-Ballroom_Magic-07,1,1818.3333709462656,0.0401984123287608,1.0432490610206009
30,30,Albums-Ballroom_Magic-08,1,2421.5804202116856,0.04102955288381367,1.2567122635634953
31,31,Albums-Ballroom_Magic-09,1,1792.4571776759726,0.036142936860064326,0.9616293481426303
32,32,Albums-Ballroom_Magic-10,1,1317.1476007380602,0.05645697735754316,1.000971551960374
33,33,Albums-Ballroom_Magic-11,1,2332.1963526197164,0.02570584700124924,0.9357382642812756
34,34,Albums-Ballroom_Magic-15,1,2879.2739388496675,0.019406848619068464,1.2725421363260878
35,35,Albums-Ballroom_Magic-16,1,3087.078209486867,0.01591824517797574,1.1700550733065032
36,36,Albums-Ballroom_Magic-17,1,1359.8271309607096,0.015530539218290819,1.1811719882366591
37,37,Albums-Ballroom_Magic-18,1,1563.790369747075,0.02830702274592369,0.9446614499660932
38,38,Albums-Cafe_Paradiso-01,1,2276.5742140777684,0.01982021664946856,1.2034982634470084
39,39,Albums-Cafe_Paradiso-02,1,2497.483920471215,0.0524664210442785,1.5348565657895734
40,40,Albums-Cafe_Paradiso-03,1,3376.876396380131,0.014594701522959415,1.3167831289810852
41,41,Albums-Cafe_Paradiso-04,1,2175.5575365033515,0.04507369098206263,1.3482624034711848
42,42,Albums-Cafe_Paradiso-05,1,2478.607569226603,0.02142788321541783,1.1624480072714107
43,43,Albums-Cafe_Paradiso-06,1,3335.706709394957,0.020715992625131463,1.1320777733732732
44,44,Albums-Cafe_Paradiso-07,1,2645.110920538918,0.021025044278458475,1.2385326586531875
45,45,Albums-Cafe_Paradiso-08,1,2703.133307756539,0.0220755978061606,1.220472366086626
46,46,Albums-Cafe_Paradiso-09,1,1214.1242580848998,0.017604743146843398,0.97146498624864
47,47,Albums-Cafe_Paradiso-10,1,947.9643880751958,0.033900641589641886,1.043722817672945
48,48,Albums-Cafe_Paradiso-11,1,1838.138611180068,0.018429023381546242,1.7835179533861436
49,49,Albums-Cafe_Paradiso-12,1,1354.5855430931372,0.02230553391499392,1.061595475921192
50,50,Albums-Cafe_Paradiso-14,1,2309.7757519272204,0.02328841357813928,1.3178139856363225
51,51,Albums-Cafe_Paradiso-15,1,2287.322786666968,0.030078379397202093,1.078577056601975
52,52,Albums-Cafe_Paradiso-16,1,3026.0549299271056,0.015251415523314988,0.9609266701843728
53,53,Albums-Chrisanne1-01,1,1472.9193653945972,0.01703209487760147,0.8905827799064217
54,54,Albums-Chrisanne1-02,1,1584.2533456703754,0.024191316355347714,0.8817894538961348
55,55,Albums-Chrisanne1-03,1,1113.4061519712939,0.01682019321660887,1.0209368311052531
56,56,Albums-Chrisanne1-04,1,1754.6049513664773,0.01700232821419177,1.059754781718665
57,57,Albums-Chrisanne1-05,1,2018.7366188839292,0.022953323523496626,1.2476583434548811
58,58,Albums-Chrisanne1-06,1,1975.083387872086,0.020635535845861717,1.1528965847036448
59,59,Albums-Chrisanne1-07,1,1932.8521134706962,0.041773568776544326,0.9960675014174464
60,60,Albums-Chrisanne1-08,1,1586.4428697163232,0.02746431982966316,0.8979144936112852
61,61,Albums-Chrisanne1-12,1,2231.589447315565,0.013488339129593928,1.2234794082880072
62,62,Albums-Chrisanne1-13,1,2024.7457741869964,0.021790564541436463,1.128787995799343
63,63,Albums-Chrisanne1-14,1,2506.4078896887904,0.016706767824304594,1.078455509069704
64,64,Albums-Chrisanne2-01,1,1055.6491616077271,0.02924801651007356,0.7797955254169382
65,65,Albums-Chrisanne2-02,1,916.5480354765184,0.007781332315370765,1.0218335799098492
66,66,Albums-Chrisanne2-03,1,1601.271918936607,0.014644701437789122,1.0072727021550505
67,67,Albums-Chrisanne2-04,1,1759.8465392340506,0.014963850660261844,1.1960250297407182
68,68,Albums-Chrisanne2-05,1,1940.3495745977289,0.01947371181589062,1.2803385093924675
69,69,Albums-Chrisanne2-06,1,1807.2530522894992,0.013137182700244974,1.4131622873086909
70,70,Albums-Chrisanne2-07,1,1841.5555956760168,0.027913399270086896,1.0364032487903276
71,71,Albums-Chrisanne2-11,1,1758.320507323238,0.025371958548575588,0.9625537093111516
72,72,Albums-Chrisanne2-12,1,2062.766895958403,0.015354912842104674,1.5066247508539414
73,73,Albums-Chrisanne3-01,1,1614.0441425379702,0.012432428323254632,0.9957717348092712
74,74,Albums-Chrisanne3-02,1,918.1460951856282,0.019801676620016133,0.9931613848761766
75,75,Albums-Chrisanne3-03,1,1355.8130035431382,0.011660135817131774,0.9595513964795572
76,76,Albums-Chrisanne3-04,1,1602.9949550786926,0.007799809085864089,1.6644324090816809
77,77,Albums-Chrisanne3-05,1,2036.721807226197,0.00993938562403103,1.4622902262616968
78,78,Albums-Chrisanne3-06,1,2413.311800286017,0.016860983121804642,1.0894859357079418
79,79,Albums-Chrisanne3-07,1,1547.9935004852066,0.026475933496235532,1.0677663718312604
80,80,Albums-Chrisanne3-08,1,2514.9841332130904,0.016637336994279123,0.9915763152315088
81,81,Albums-Chrisanne3-09,1,2015.2246620477986,0.01848824880391528,1.2382642629015526
82,82,Albums-Chrisanne3-13,1,1673.4930378461331,0.016480336769482247,1.336573223473008
83,83,Albums-Chrisanne3-14,1,1691.5731985285818,0.038865684507414316,1.260561396238214
84,84,Albums-Chrisanne3-15,1,2643.3526663808084,0.005994807326713726,1.1134028593153242
85,85,Albums-Commitments-08,1,2282.325972913253,0.013835945020522829,1.1764580064333825
86,86,Albums-Commitments-10,1,1509.0739852221475,0.025311484715471302,1.1649482218277163
87,87,Albums-Commitments-11,1,813.2619045861537,0.014860728350923431,1.1575379352884179
88,88,Albums-Fire-01,1,953.3032412362613,0.02425456625282407,0.984554969454714
89,89,Albums-Fire-02,1,1079.9003491470626,0.029613633939130336,1.4992145315092755
90,90,Albums-Fire-03,1,900.5029046378246,0.02002491098923469,1.0888920925103538
91,91,Albums-Fire-07,1,1384.7555601485171,0.028259571737003997,1.175142026776353
92,92,Albums-Fire-08,1,1159.3938275523535,0.023144776087196537,1.2986201859663915
93,93,Albums-Fire-09,1,1159.3938275523535,0.02314477608600553,1.2986201859710058
94,94,Albums-Fire-10,1,683.2793250315561,0.02813552681693641,1.2102760588626036
95,95,Albums-Fire-12,1,1160.598274194858,0.037609970794408296,1.1183267086999162
96,96,Albums-Fire-13,1,953.4008990721401,0.023824421323260788,0.9086851300939628
97,97,Albums-Fire-14,1,690.8640836181378,0.02093151029446516,1.358891556085217
98,98,Albums-Fire-15,1,1079.5748230274667,0.025702490866322997,1.6553466982192866
99,99,Albums-GloriaEstefan_MiTierra-01,1,907.3389531493359,0.026055919111723943,0.9616130244481496
100,100,Albums-GloriaEstefan_MiTierra-04,1,1531.8608135938528,0.017424274533430584,0.9966787295209356
101,101,Albums-GloriaEstefan_MiTierra-06,1,1542.6682807644327,0.02818058797246377,1.0438968211188178
102,102,Albums-GloriaEstefan_MiTierra-08,1,1411.4812545673306,0.009400179495128336,0.991981796390462
103,103,Albums-GloriaEstefan_MiTierra-11,1,1017.5620972444693,0.018168150574700385,1.0478807048480865
104,104,Albums-I_Like_It2-01,1,2043.2726001863928,0.022205823658902384,1.5169414929565597
105,105,Albums-I_Like_It2-02,1,2218.1370590820115,0.012117280845208163,1.2186163089165942
106,106,Albums-I_Like_It2-09,1,1430.1522170441062,0.017468953848632725,1.1383610203481749
107,107,Albums-Latin_Jam-01,1,2810.0882399404213,0.02162222471522127,1.4966133275769569
108,108,Albums-Latin_Jam-02,1,1374.2249102931553,0.028743054589944337,1.5056450131010268
109,109,Albums-Latin_Jam-03,1,2401.3107354832887,0.05840754704670927,1.6325292145545671
110,110,Albums-Latin_Jam-04,1,2100.9146713005803,0.02954320781337417,1.2062680677241506
111,111,Albums-Latin_Jam-05,1,1742.7616167543051,0.040364679954496295,1.2915496418169676
112,112,Albums-Latin_Jam-06,1,2356.60160214928,0.023697297500434263,1.0787462271505956
113,113,Albums-Latin_Jam-07,1,3519.6599038613435,0.029369948467925962,1.9688975100034567
114,114,Albums-Latin_Jam-08,1,1321.2118886958094,0.04674286052093759,1.2397021996989523
115,115,Albums-Latin_Jam-09,1,3160.029356385769,0.02453473103796644,1.0116572325789317
116,116,Albums-Latin_Jam-11,1,1302.1696644174133,0.03347033144068051,1.0877511191377325
117,117,Albums-Latin_Jam-12,1,1883.717091982084,0.048946042031470974,1.3953740731807158
118,118,Albums-Latin_Jam-13,1,1470.0,0.04264097988019407,1.1342844435304724
119,119,Albums-Latin_Jam-14,1,1177.3336191916228,0.0460936159159265,1.3680599968201623
120,120,Albums-Latin_Jam-15,1,2183.3535690911967,0.019892968697854427,1.1595177883108054
121,121,Albums-Latin_Jam2-01,1,2278.73056351696,0.02676501967606028,1.4862543196793363
122,122,Albums-Latin_Jam2-02,1,2169.3647625264607,0.02914676531416727,1.0902401309985044
123,123,Albums-Latin_Jam2-03,1,3214.2212994516035,0.02649029237933721,1.6998163879119028
124,124,Albums-Latin_Jam2-04,1,2499.242174629325,0.01966592624636504,1.3652908256770044
125,125,Albums-Latin_Jam2-05,1,2841.471417932342,0.0318164867620653,1.714707386861654
126,126,Albums-Latin_Jam2-06,1,2794.993793866083,0.021352627920782317,1.0980412071891847
127,127,Albums-Latin_Jam2-07,1,1514.1554015932834,0.04127633585668529,1.2654167280141384
128,128,Albums-Latin_Jam2-08,1,1617.7049947362266,0.018570295935551213,1.4466878956074185
129,129,Albums-Latin_Jam2-09,1,1607.9068402879645,0.03764341567687636,0.9720014407832778
130,130,Albums-Latin_Jam2-11,1,3345.9908374895617,0.02819620805194788,1.2198841107487963
131,131,Albums-Latin_Jam2-12,1,3318.5886123084556,0.03898253298934692,1.19685517771155
132,132,Albums-Latin_Jam2-13,1,2827.0072893863826,0.041519505191890994,1.81988440557288
133,133,Albums-Latin_Jam2-14,1,2000.461962041028,0.023118054127511445,1.2045441293262094
134,134,Albums-Latin_Jam2-15,1,1091.709959152355,0.0319828983239424,1.4636806527443496
135,135,Albums-Latin_Jam3-01,1,3807.5823159035,0.02666033531815825,1.2563210131242206
136,136,Albums-Latin_Jam3-02,1,2785.7380785809387,0.013094774280427959,1.3672669974138263
137,137,Albums-Latin_Jam3-03,1,2786.7664913904,0.02048195583385657,1.036313406494079
138,138,Albums-Latin_Jam3-04,1,2655.9921915551445,0.03254410457877848,1.3285533351744692
139,139,Albums-Latin_Jam3-05,1,2912.1665049310554,0.020028185503128883,1.7582300976975094
140,140,Albums-Latin_Jam3-06,1,2098.4929250073346,0.03899091644600092,1.3717623744347174
141,141,Albums-Latin_Jam3-07,1,993.5462977590213,0.027557623376533086,1.0285278799370692
142,142,Albums-Latin_Jam3-08,1,1473.7487305635173,0.0542678036380619,1.2875241843698988
143,143,Albums-Latin_Jam3-09,1,1664.797090019961,0.02560954260349929,1.1263511926498768
144,144,Albums-Latin_Jam3-11,1,2274.2188169980363,0.0566508466201043,0.8868515994714784
145,145,Albums-Latin_Jam3-12,1,2795.4914129674353,0.03710397856172043,1.1963555119115323
146,146,Albums-Latin_Jam4-01,1,2198.4480151655343,0.039203744259458086,1.1817814171116299
147,147,Albums-Latin_Jam4-02,1,2164.7426147006386,0.04686147711036778,1.2518902642285346
148,148,Albums-Latin_Jam4-03,1,2486.569474848232,0.03230143684815199,1.0298415651867028
149,149,Albums-Latin_Jam4-05,1,2500.4696350793256,0.05697866335847684,1.1463592206995763
150,150,Albums-Latin_Jam4-06,1,2538.222337568549,0.043957897488704385,1.2693436507629297
151,151,Albums-Latin_Jam4-07,1,1975.4151339396533,0.06126212714104996,1.0440953960253492
152,152,Albums-Latin_Jam4-08,1,1782.5379702556927,0.0499794234863784,1.037025029858974
153,153,Albums-Latin_Jam4-10,1,1546.1688971135834,0.08375757835130908,1.0996322182446954
154,154,Albums-Latin_Jam4-11,1,3197.070027758344,0.03516931617144483,1.1587647251116768
155,155,Albums-Latin_Jam4-12,1,2702.867910902485,0.02986214989304372,1.173736480030181
156,156,Albums-Latin_Jam4-13,1,1207.6552097673266,0.050530604820157636,1.1445788150936167
157,157,Albums-Latin_Jam5-01,1,1846.7640089368329,0.02602340773744137,1.3413462057008676
158,158,Albums-Latin_Jam5-02,1,1928.3797010780359,0.015811398871906274,1.4232818027698029
159,159,Albums-Latin_Jam5-03,1,1489.2412719189365,0.02791478250318316,1.0253488662026191
160,160,Albums-Latin_Jam5-04,1,1992.3117965127026,0.0186611585025505,1.2890197725614398
161,161,Albums-Latin_Jam5-06,1,1529.1503238473513,0.024874560333251,1.1828182070816675
162,162,Albums-Latin_Jam5-07,1,1373.6581150785416,0.03168778938178478,1.5099486342056694
163,163,Albums-Latin_Jam5-08,1,2088.814783937752,0.028317022096499788,1.2052234836100677
164,164,Albums-Latin_Jam5-09,1,2281.620336655108,0.03163490955773945,1.1742515210549178
165,165,Albums-Latin_Jam5-10,1,1518.335402044639,0.03280245398684496,1.1675772672569107
166,166,Albums-Latin_Jam5-11,1,2424.593934774488,0.020252463261838,1.1652862467054277
167,167,Albums-Latin_Jam5-12,1,1172.942619208434,0.026589406752456413,1.137287813376057
168,168,Albums-Latino_Latino-01,1,1799.7688100211853,0.01449219017113189,1.2051342578708961
169,169,Albums-Latino_Latino-03,1,1716.6619916883808,0.008732130421210972,1.1542144639914451
170,170,Albums-Latino_Latino-04,1,2119.9237486436414,0.007822666029859924,1.2306142708890482
171,171,Albums-Latino_Latino-05,1,1825.2575051855358,0.020070305646272147,1.0929849231571371
172,172,Albums-Latino_Latino-06,1,1471.8012445284305,0.007878628574857337,1.2139486485408508
173,173,Albums-Latino_Latino-09,1,1527.0755796357944,0.01750018880996366,1.1003678439962543
174,174,Albums-Latino_Latino-10,1,1468.4157728846344,0.01589200165655457,1.068893733438513
175,175,Albums-Macumba-01,1,1590.7580125487534,0.034553435069459584,1.1189095380952203
176,176,Albums-Macumba-02,1,1939.8294892816666,0.03870067110973008,1.3280559667771366
177,177,Albums-Macumba-03,1,1355.2288044657712,0.04160339223046484,1.3028697197881092
178,178,Albums-Macumba-04,1,1546.9055183140024,0.024887539041336136,1.3472764065572778
179,179,Albums-Macumba-05,1,2209.499484579586,0.030787605517039806,1.4069176202645837
180,180,Albums-Macumba-06,1,1625.4304966120906,0.03019777408432353,1.2427993247645508
181,181,Albums-Macumba-07,1,1551.9898694268286,0.035569924727139296,1.2271588750640032
182,182,Albums-Macumba-08,1,1720.770387740831,0.029431737950943827,1.4511890646216101
183,183,Albums-Macumba-09,1,1085.4666567746312,0.03603416493849868,1.158105005456587
184,184,Albums-Macumba-10,1,1256.2002664512552,0.051761369479954536,1.024239863938822
185,185,Albums-Macumba-11,1,914.5185792481493,0.03458199992875742,1.2774305248144064
186,186,Albums-Macumba-12,1,645.7458223819052,0.048573865680265525,1.1491864469249695
187,187,Albums-Macumba-14,1,2348.8705209664586,0.039548087288104036,1.2684080209130173
188,188,Albums-Macumba-15,1,1883.4363922982325,0.03859929415538446,1.554569754828253
189,189,Albums-Macumba-16,1,2572.88104940802,0.01614232345167949,1.4452319481535425
190,190,Albums-Mambo_Kings-03,1,2124.5349913114123,0.01914688300408047,1.230770168461487
191,191,Albums-Mambo_Kings-10,1,1981.9282391073846,0.017435572208535022,1.0309481880671532
192,192,Albums-Mambo_Kings-11,1,1815.0822594841006,0.00967630964947306,1.1190665199077068
193,193,Albums-Mambo_Kings-12,1,2058.839781298699,0.013292063069569204,1.188551173730947
194,194,Albums-Pais_Tropical-01,1,2723.966960799801,0.031960597445743234,1.4236975045388092
195,195,Albums-Pais_Tropical-02,1,2963.7861930446165,0.0244336602600228,1.3203824472343684
196,196,Albums-Pais_Tropical-03,1,1852.8681365800808,0.029207748965765938,1.379675628200452
197,197,Albums-Pais_Tropical-04,1,2213.4770324227666,0.05462534760851025,1.2537743598232298
198,198,Albums-Pais_Tropical-05,1,2485.7401096793124,0.031525542166469946,1.1418323772967478
199,199,Albums-Pais_Tropical-06,1,2075.6024463451513,0.02715005126090264,1.4140057448442225
200,200,Albums-Pais_Tropical-07,1,2448.783597752251,0.034620256001130736,1.2790377364690737
201,201,Albums-Pais_Tropical-08,1,1989.0830719234507,0.04070815736539892,1.274910222950654
202,202,Albums-Pais_Tropical-09,1,1607.3428719730994,0.037112777285967104,1.343355773093441
203,203,Albums-Pais_Tropical-10,1,1597.3904899460626,0.045244169316606166,1.1690171186955776
204,204,Albums-Pais_Tropical-11,1,1475.0757148337884,0.037954164641199294,1.1005628521635211
205,205,Albums-Pais_Tropical-12,1,1092.6056735347881,0.03912132282041835,1.1107243528184436
206,206,Albums-Pais_Tropical-13,1,2434.3526438130484,0.02550126740797278,1.2605676240502168
207,207,Albums-Pais_Tropical-14,1,3393.695922005823,0.024967088749305213,1.1405530150389505
208,208,Albums-Pais_Tropical-15,1,2674.835368193,0.03239709919120818,1.413259773855534
209,209,Albums-Pais_Tropical-16,1,2490.2899037427505,0.023334617796477785,1.503410987549417
210,210,Albums-Secret_Garden-01,1,1021.7288315752954,0.025883803054255985,1.029269283149704
211,211,Albums-Secret_Garden-02,1,966.5521543038096,0.027995135827331985,1.0949054209469475
212,212,Albums-Secret_Garden-05,1,839.5969676614528,0.0137253350633695,1.151547356283143
213,213,Albums-Secret_Garden-06,1,1003.2063953702952,0.01843972149519701,0.9713693434198236
214,214,Albums-Step_By_Step-01,1,1153.3306036032436,0.013644632539315568,0.8718779549516132
215,215,Albums-Step_By_Step-02,1,2584.722666080773,0.017649550976931678,0.982052076958972
216,216,Albums-Step_By_Step-03,1,1105.545180361922,0.04299392990309234,0.9690975584727016
217,217,Albums-Step_By_Step-04,1,1590.0056924859186,0.02150573827533438,1.0159889235305668
218,218,Albums-Step_By_Step-05,1,1636.155275036951,0.02860007589791527,1.0841342309269035
219,219,Albums-Step_By_Step-06,1,1829.3732273399112,0.01903537295186717,1.392286438758075
220,220,Albums-Step_By_Step-07,1,2085.9485479167497,0.025168570750389217,1.0972038229705987
221,221,Albums-Step_By_Step-08,1,1358.0938161626652,0.052637870687509414,1.1323006819672083
222,222,Albums-Step_By_Step-09,1,2214.582251428115,0.02352009253728531,0.8415884732042007
223,223,Albums-Step_By_Step-10,1,1623.6662605360925,0.02942879101124825,0.9440748419565256
224,224,Albums-Step_By_Step-11,1,1447.9392202292972,0.025164764309966312,1.0091403155598146
225,225,Albums-Step_By_Step-15,1,2616.841768865098,0.0156881066033592,1.1963501613630771
226,226,Albums-Step_By_Step-16,1,3006.880130043513,0.022589529085084915,1.1198054067123049
227,227,Albums-Step_By_Step-17,1,3092.3051571925057,0.030410190100973376,1.0836064567865278
228,228,Albums-Step_By_Step-18,1,1699.5441017856424,0.0260659252335545,1.28180098224296
229,229,Albums-StrictlyDancing_Tango-01,1,2477.7442381412907,0.013120987501398498,0.9836534573709684
230,230,Albums-StrictlyDancing_Tango-02,1,1828.432719084628,0.013956220131885574,1.1814123076136187
231,231,Albums-StrictlyDancing_Tango-03,1,1601.3760151707584,0.017599984857344958,1.1607672517622294
232,232,Albums-StrictlyDancing_Tango-04,1,2054.558073010732,0.017487540881609382,1.10822967357922
233,233,Albums-StrictlyDancing_Tango-05,1,1837.746218962283,0.015275648763531909,0.8410467960218465
234,234,Albums-StrictlyDancing_Tango-06,1,2152.670976894306,0.01626670281727659,1.1540418747336103
235,235,Albums-StrictlyDancing_Tango-07,1,1778.0113576780118,0.010683222046624795,1.1730769609284826
236,236,Albums-StrictlyDancing_Tango-08,1,1722.708437714832,0.018645706973221057,0.9773008659018104
237,237,Albums-StrictlyDancing_Tango-09,1,1908.8499732006574,0.015421760223560375,0.9252482491647036
238,238,Albums-StrictlyDancing_Tango-10,1,2021.7038993043827,0.016867518244438315,1.0412024735602774
239,239,Albums-StrictlyDancing_Tango-11,1,1916.9430834391715,0.009371612950985929,1.3310434944635063
240,240,Albums-StrictlyDancing_Tango-12,1,2315.785686820549,0.01572370226145069,1.2104729625941677
241,241,Albums-StrictlyDancing_Tango-13,1,2074.662386539739,0.01987375322402108,1.0814991338299011
242,242,Albums-StrictlyDancing_Tango-14,1,1900.4678233107682,0.018214388806641408,0.9921535885352706
243,243,Albums-StrictlyDancing_Tango-15,1,2508.510903254373,0.01187967778338296,1.0728543718829175
244,244,Media-100601,1,1034.515911721444,0.028093827098239245,0.9109407654901024
245,245,Media-100602,1,1405.0089218972296,0.031646605438591636,0.9004750438665119
246,246,Media-100603,1,774.6465363744278,0.02781423549367892,1.0475300574555593
247,247,Media-100604,1,1409.229265631405,0.02310232494120516,1.0063582450779025
248,248,Media-100605,1,1162.6880832388895,0.026983790753443683,1.5344756099755736
249,249,Media-100606,1,1844.088095641852,0.02797405948325126,1.1007475990512958
250,250,Media-100607,1,1874.962473776856,0.02283768021462072,1.0809000707793683
251,251,Media-100608,1,567.6528477731426,0.04679617688929031,1.2974046407211897
252,252,Media-100609,1,1416.9388699332062,0.014782164727794976,1.11146643783062
253,253,Media-100610,1,1200.770870005546,0.036021167785481215,1.0098755398698516
254,254,Media-100614,1,2000.3995675767346,0.02083306628628261,1.1136389665080042
255,255,Media-100615,1,2552.953159878069,0.02839519631536478,1.2229422095916067
256,256,Media-100616,1,1850.4981346447348,0.018106322408056867,1.191434550277281
257,257,Media-103301,1,1865.6448487995845,0.040649448456238,0.9402919139793399
258,258,Media-103302,1,1469.236607677865,0.022015075651289386,0.9697724955903214
259,259,Media-103303,1,1465.9020093476609,0.024850304752284925,0.8810780622313156
260,260,Media-103304,1,1348.247313546119,0.020007584676097697,1.3040107663272296
261,261,Media-103305,1,1222.0673710701872,0.020960453261646448,0.9959738452568936
262,262,Media-103306,1,1407.4207046698355,0.019343512478350748,1.111382969738805
263,263,Media-103307,1,2865.2064275156786,0.040404364896932166,1.0247966672541708
264,264,Media-103308,1,1693.5040746214997,0.028521050853254955,1.1524971082263342
265,265,Media-103312,1,1919.1557144569167,0.02467665374835121,1.0785982834297598
266,266,Media-103313,1,2290.3028003035997,0.00916831709176208,1.3657206332563547
267,267,Media-103314,1,2709.5813526145485,0.01908933655186285,1.3052985003261546
268,268,Media-103315,1,1355.6085966524188,0.03110408733370337,1.0353876306637984
269,269,Media-103401,1,2695.83399912116,0.03724825016481409,1.1171116071950495
270,270,Media-103402,1,3606.4624695402067,0.051255891835896406,1.1885991366099495
271,271,Media-103403,1,2750.540531818769,0.049864255244472334,1.2607692266320336
272,272,Media-103404,1,3045.1803619222624,0.06317443191162661,1.1478235888761898
273,273,Media-103405,1,2474.209044061838,0.06296238570436362,1.0103327262425492
274,274,Media-103406,1,3510.010785762793,0.05658504265279767,1.1144125735449828
275,275,Media-103407,1,3255.5117245236283,0.05648738230622515,1.1825245937262685
276,276,Media-103408,1,3023.820057524068,0.07261756070300547,1.075374929909542
277,277,Media-103409,1,3605.770383094315,0.04612216144347596,1.1697886642241802
278,278,Media-103410,1,2695.362121998961,0.08499005402377448,1.2146694708434258
279,279,Media-103411,1,2495.122305408545,0.06146791163162784,1.1771123226177025
280,280,Media-103412,1,2531.8095114448925,0.06845484739618518,0.9601314835500704
281,281,Media-103413,1,3419.693504573962,0.04332055694234383,1.2620575538179808
282,282,Media-103414,1,2990.033655574641,0.033077484346051025,1.2249918285243633
283,283,Media-103415,1,2999.722865817121,0.05801475315847125,1.1554528809806506
284,284,Media-103416,1,1764.663144649063,0.06672450645734276,1.1196189764638158
285,285,Media-103417,1,5419.854791674989,0.035017743416729565,1.3575288203338391
286,286,Media-103501,1,2810.783266088762,0.009683839027803752,1.1212430120851469
287,287,Media-103502,1,2978.928813965565,0.032715473215314865,1.0482800967754835
288,288,Media-103503,1,3286.687073063556,0.02737189071762696,0.9388667639513884
289,289,Media-103504,1,4469.085307394239,0.016037991298990733,1.1115353015044782
290,290,Media-103505,1,4859.390604402189,0.015944850094216118,1.1966000731774165
291,291,Media-103506,1,3553.926816602085,0.030369343193710718,1.040584680815989
292,292,Media-103507,1,2389.1138696920066,0.018002455344512266,1.1133047565648375
293,293,Media-103508,1,2363.317920345144,0.01979400445119316,1.089019505559762
294,294,Media-103509,1,3461.5961930252065,0.01628067293906339,1.101726144942662
295,295,Media-103510,1,3514.5722646107147,0.032282072257025375,1.246729453825041
296,296,Media-103511,1,2458.920225302601,0.02635421180041414,0.9428641790131794
297,297,Media-103512,1,988.897155754404,0.02060742204841313,0.9239879313632494
298,298,Media-103513,1,1986.5712259817042,0.017537383556682218,0.9949937200188276
299,299,Media-103514,1,2409.5618783206164,0.019464904695610068,1.2013095743076485
300,300,Media-103515,1,2285.7098629808647,0.02918137973007945,0.9465002630125728
301,301,Media-103516,1,2532.1555546678383,0.024258928441684514,1.1339010892662942
302,302,Media-103517,1,3397.2006950824907,0.0174757966850716,1.3406504861207789
303,303,Media-103601,1,5031.248252306955,0.0208602743594988,0.9869707164725084
304,304,Media-103602,1,2437.6542963288457,0.02465131700620119,1.0132424251606953
305,305,Media-103603,1,3640.028662165941,0.03023027906787407,1.011736344125037
306,306,Media-103604,1,2974.3673351176453,0.024192793510066247,1.0477922604385772
307,307,Media-103605,1,5094.5741621060215,0.02401158128372257,1.1822058128117978
308,308,Media-103606,1,2493.996424719369,0.016629474957595824,1.1366042555669875
309,309,Media-103607,1,2397.450365517517,0.04329855826696007,1.2795639644432515
310,310,Media-103608,1,1565.9085007789715,0.02520156896044357,0.9825121407574212
311,311,Media-103609,1,1941.742899372828,0.01877474915617756,1.0190440160422316
312,312,Media-103610,1,1326.0061718531538,0.02603695148075748,0.9555268225289278
313,313,Media-103611,1,2439.1957615946953,0.014272714778465312,1.2585268638550446
314,314,Media-103612,1,2314.5887428594256,0.033167652244750614,0.9934403536161646
315,315,Media-103613,1,4274.200055926177,0.01496068762321316,1.2624032886763579
316,316,Media-103614,1,4687.061079375224,0.016840979887364882,1.065021540320062
317,317,Media-103615,1,1244.5287220868452,0.009563190673687123,0.7760431325797876
318,318,Media-103616,1,2331.324651460073,0.006621285955983454,1.0997250660302147
319,319,Media-103617,1,2263.405804338273,0.028664412855851487,0.9967331359647554
320,320,Media-103618,1,2995.947848839532,0.018618342202652308,1.2006748543280394
321,321,Media-103619,1,3730.314484879958,0.005234434843158928,1.1213104997821255
322,322,Media-103701,1,3857.5954739743543,0.03365691091538586,1.2953767121396798
323,323,Media-103702,1,2662.3307234450517,0.03383689124978783,1.2399159994142113
324,324,Media-103703,1,4951.626852554628,0.015497020200861559,1.1758202195467098
325,325,Media-103704,1,3245.539388007829,0.04043041995542258,1.1021230666682906
326,326,Media-103705,1,3093.406203810969,0.018933260523314083,1.1950896956230834
327,327,Media-103706,1,3755.6070986298078,0.03814620654422327,1.095196773418576
328,328,Media-103707,1,3139.3984939879356,0.0462943888337211,1.0726407862302212
329,329,Media-103708,1,4728.712100027963,0.035036192715551584,1.2219671096329423
330,330,Media-103709,1,1177.6480046338831,0.03313921186729741,0.9645530832957759
331,331,Media-103710,1,3004.693304837614,0.02977487731502208,0.9051563502649704
332,332,Media-103711,1,1073.4575360524107,0.03591915106192485,1.098895767179489
333,333,Media-103712,1,2037.5968721287893,0.024718391551366944,0.9991043011670154
334,334,Media-103713,1,2493.6189230216114,0.03941960346716143,1.060136300674068
335,335,Media-103714,1,4142.8294651060605,0.032757793617503216,0.9085213661497364
336,336,Media-103715,1,1342.8049974034273,0.032389315460841284,1.112142702554657
337,337,Media-103716,1,3165.005692485918,0.011134047141746314,1.2968571056278986
338,338,Media-103717,1,1474.3643390724246,0.03974395503475815,0.9369537799433544
339,339,Media-103718,1,3438.6944233611625,0.02188687116587977,1.1313811283095434
340,340,Media-103719,1,2384.8984340670318,0.031275452774835955,1.3455478953527975
341,341,Media-103801,1,3341.4877361882313,0.02901380379585897,1.1910579593612405
342,342,Media-103802,1,3204.6119122757955,0.025436996104603773,1.16865588763595
343,343,Media-103803,1,3633.674050253665,0.032573340098857546,1.0055240353740995
344,344,Media-103804,1,2508.876283306036,0.04387243611692378,1.0356170419430928
345,345,Media-103805,1,3857.375264650661,0.023745576602424687,1.214416794394513
346,346,Media-103806,1,2702.723405105261,0.0393346361074441,1.0773308185268125
347,347,Media-103807,1,2838.120680701473,0.03593436176020985,1.104001192311042
348,348,Media-103808,1,2590.290816122718,0.030858648187984908,1.1877733853703842
349,349,Media-103809,1,1154.0856069987615,0.028609205558975767,0.9972314225579284
350,350,Media-103810,1,641.2495505932169,0.03680561523570558,0.8142934763259554
351,351,Media-103811,1,1431.5493548515958,0.03368365798919171,0.906893881708412
352,352,Media-103812,1,2474.3663364359045,0.024755855528384448,1.2911193642188157
353,353,Media-103813,1,3336.265629369233,0.01829260575741099,1.2096285621689855
354,354,Media-103814,1,2847.87280789358,0.027433856171093743,1.1480145744771342
355,355,Media-103815,1,4217.197299564576,0.02783198730573529,1.1315550211674217
356,356,Media-103816,1,5034.803059960851,0.02642931623993956,1.3122503881322205
357,357,Media-103817,1,1166.9521231973793,0.04330760862165607,1.0169668668486709
358,358,Media-103818,1,1071.6644029880556,0.026784032223488224,0.9722108218157556
359,359,Media-103819,1,1867.909858986138,0.04329936572148976,1.2213763745793391
360,360,Media-103901,1,3130.4957456157867,0.024164068846455056,1.0390571377752276
361,361,Media-103902,1,2528.569288539128,0.05837349953363057,1.3312077025619955
362,362,Media-103903,1,4452.5696081172855,0.029877145267023817,1.0985450511461687
363,363,Media-103904,1,2343.9709583349977,0.046694115527929785,1.1780836078803252
364,364,Media-103905,1,2785.5535692885387,0.020246660429710742,0.9985862608164208
365,365,Media-103906,1,3393.0481764071424,0.04389351982419101,1.0877110383710868
366,366,Media-103907,1,3145.1239364039466,0.0350621958703537,1.0637736647086145
367,367,Media-103908,1,2403.5533096312865,0.03493718867821395,1.1109926439121356
368,368,Media-103909,1,3197.3135461191223,0.03461489060963848,1.3183843179194328
369,369,Media-103910,1,2258.026405145208,0.03946261919483445,1.16029515012129
370,370,Media-103911,1,1512.1145088483206,0.019225675309819387,0.9127668503776536
371,371,Media-103912,1,1598.247812886989,0.029665411025365008,0.9125347733739952
372,372,Media-103913,1,1694.6365797147766,0.02679209116674971,1.1631611297003666
373,373,Media-103914,1,1993.932509088004,0.03586255016049798,0.9001802190531119
374,374,Media-103917,1,3064.432948507969,0.027266013056118952,1.3335579000883324
375,375,Media-103918,1,2495.380597611153,0.03536463327330721,1.0499104963186527
376,376,Media-103919,1,3113.917129389206,0.02543570066499341,1.2456863960777702
377,377,Media-103920,1,3135.2459753125872,0.03953906592228682,1.0593283091287886
378,378,Media-104001,1,2914.2501897495313,0.030439554308555262,1.1416322586059031
379,379,Media-104002,1,2361.2416610074697,0.0252450191361158,1.313826943271395
380,380,Media-104003,1,2464.645667718611,0.020222876440005217,1.1741912801732737
381,381,Media-104004,1,2603.8808772420402,0.018008254755880426,1.0585747698897048
382,382,Media-104005,1,1606.4899332880593,0.014627353558383446,0.9101426693831643
383,383,Media-104006,1,2663.2744776894497,0.019097060496235743,1.0500063054818372
384,384,Media-104007,1,2177.5870850477368,0.028727130391539762,1.1614620855419804
385,385,Media-104008,1,1741.1322054887546,0.02070501599662981,0.8623864263562341
386,386,Media-104009,1,3398.4275756002075,0.02649910837788084,1.0053773307988745
387,387,Media-104010,1,2481.0355330963125,0.03515210045992699,1.0680963023992491
388,388,Media-104011,1,3284.579355251068,0.012837478108020951,1.1992100704244686
389,389,Media-104012,1,4770.488954579954,0.027992946020436758,1.2973287869792998
390,390,Media-104015,1,1771.395258259098,0.013627861945720745,1.0470092489335778
391,391,Media-104016,1,3172.555726441097,0.01956872847405688,1.0686549696706942
392,392,Media-104017,1,2731.319158710502,0.021149804420563342,1.1729264790284597
393,393,Media-104101,1,3256.4554787680268,0.030834839542340533,1.1063021479705724
394,394,Media-104102,1,3543.136559741141,0.035660688329093804,1.1326893656920871
395,395,Media-104103,1,2675.19723964367,0.022616800510218988,1.0742461843262092
396,396,Media-104104,1,3066.1002476730714,0.03453981703337545,1.3163508652484162
397,397,Media-104105,1,2153.7730196141088,0.04989611215474005,1.0675927873468662
398,398,Media-104106,1,3701.9074821235968,0.02296179142672817,1.060407238411276
399,399,Media-104107,1,2669.220129429153,0.0471694279278892,1.2340395728767808
400,400,Media-104108,1,2145.593816162665,0.0396574435542718,1.0508696071969577
401,401,Media-104109,1,2380.5257060679896,0.02590929288030417,1.3140055212692112
402,402,Media-104110,1,2658.052370870451,0.033550472416019536,1.0551524629365383
403,403,Media-104111,1,1843.0891223584865,0.05648028101253497,1.1498958848239746
404,404,Media-104112,1,2315.941457276395,0.01022873383634226,1.1012151689184095
405,405,Media-104113,1,3169.693005233092,0.01587627502779015,1.4081509064025386
406,406,Media-104114,1,2354.887049095194,0.01756632169513041,0.9340756777184472
407,407,Media-104115,1,1094.8178404506052,0.03173820638242359,1.1760825758353703
408,408,Media-104116,1,3282.9435145607795,0.0257540223140092,1.1983653324647119
409,409,Media-104117,1,4755.388886669596,0.020666857763491885,1.630843161921845
410,410,Media-104118,1,4124.52063276475,0.043120038669889976,1.2344588701338028
411,411,Media-104119,1,2983.962169935685,0.03042613421118745,1.3266626902103429
412,412,Media-104201,1,1196.3028801981384,0.012169384907656636,0.9923993495567108
413,413,Media-104202,1,2296.374285942556,0.02769196290898096,0.8989097891018365
414,414,Media-104203,1,1115.3916829784682,0.034534635912675735,0.8913267053944569
415,415,Media-104204,1,1459.9563576079574,0.012980168558273072,0.8627727054173945
416,416,Media-104205,1,1082.8636200215717,0.019032483825045868,1.0024618245390546
417,417,Media-104206,1,1512.806595294211,0.03386766169620841,1.0113659243077433
418,418,Media-104207,1,2029.732253425478,0.057861499765991524,1.0694546380892085
419,419,Media-104208,1,1980.9087005153199,0.041430105094026025,0.9590794940131954
420,420,Media-104209,1,1493.4281748092515,0.049749805969997264,0.8727926860786166
421,421,Media-104210,1,1518.5634961850353,0.03699818377133112,0.8519374265548187
422,422,Media-104211,1,1729.146526584908,0.028481282074907858,0.8667103246014809
423,423,Media-104212,1,1780.4238405304995,0.007441568204064977,1.029492522282111
424,424,Media-104216,1,4623.640794151719,0.04564818324353445,0.9849555392081012
425,425,Media-104217,1,2269.005412855031,0.03800586639995845,1.0570587574087422
426,426,Media-104218,1,4565.411157272401,0.03197392227102505,1.240336820979277
427,427,Media-104219,1,2669.220129429153,0.027238948722124127,1.2783384167318077
428,428,Media-104301,1,2035.331861942236,0.02517289082594304,0.9745574395395172
429,429,Media-104302,1,1347.209183877282,0.01651917610693976,0.8888296392886308
430,430,Media-104303,1,967.0649742340112,0.019594913385054133,0.8561390508120104
431,431,Media-104304,1,2278.537330723445,0.016957952839289116,1.1307066550811995
432,432,Media-104305,1,2437.8745056525386,0.011500980826029796,1.1682784616025716
433,433,Media-104306,1,2269.4772899772297,0.01950711991774501,1.0101526564782026
434,434,Media-104307,1,2823.995825510326,0.012044762949215826,1.1104722670712406
435,435,Media-104308,1,1557.0372108816364,0.017983054349618114,1.0670781698948801
436,436,Media-104309,1,1748.0216114728555,0.018767651127625296,1.1724633406804073
437,437,Media-104314,1,2619.264071425717,0.023622207975282184,1.1526132359503778
438,438,Media-104315,1,2460.807733791395,0.020909620887247817,1.0105470946401365
439,439,Media-104316,1,2539.894339471897,0.016931748249251647,1.255502530797059
440,440,Media-104317,1,1311.1577717413013,0.025650756500796245,1.1217152552298402
441,441,Media-104401,1,1249.2474933088322,0.02269248588003713,0.9194007875621452
442,442,Media-104402,1,2050.715056125913,0.02296158789810191,0.8930225594131415
443,443,Media-104403,1,1510.0067910358325,0.022113000283946933,0.8893292000379293
444,444,Media-104404,1,2589.756022050893,0.0150381696639295,1.0899710173292658
445,445,Media-104405,1,2213.732872608157,0.03973234619869269,0.8896467608393344
446,446,Media-104406,1,1190.4516038828745,0.02493785774950798,0.8627771334039717
447,447,Media-104407,1,2397.9222426397155,0.017011825356978188,0.9499928837518176
448,448,Media-104408,1,3581.6102744377417,0.023353701024923814,1.048555774080165
449,449,Media-104409,1,1864.8898454040664,0.01579952239330623,0.9176930713391817
450,450,Media-104415,1,1772.6221387768146,0.026217440624207004,1.07916418200788
451,451,Media-104416,1,4766.934146926057,0.007888358752588906,1.183515832271988
452,452,Media-104417,1,2691.618563496185,0.031026725112820317,1.005632626772366
453,453,Media-104418,1,2119.923700715056,0.0146060313197057,1.1050814261585409
454,454,Media-104501,1,1646.7567810490152,0.010293520838361743,0.8656459209716649
455,455,Media-104502,1,2079.93997922742,0.03329868235373209,1.0875994333769337
456,456,Media-104503,1,1715.6822993648382,0.02431540813660855,0.8848356429942796
457,457,Media-104504,1,1283.537230855271,0.01961010519252477,0.9638917654283354
458,458,Media-104505,1,1469.3624415771176,0.011197008439059743,1.100195212256674
459,459,Media-104506,1,2075.535792753565,0.015984925650399478,1.2053685074173721
460,460,Media-104507,1,1535.960032756761,0.034088041602506725,1.0465608843726568
461,461,Media-104508,1,1863.159629289338,0.020415634167707645,1.157704949964564
462,462,Media-104514,1,3674.0981903886873,0.01792246514944909,1.668581872511434
463,463,Media-104515,1,2344.3484600327565,0.014531462897906132,1.2281026385214586
464,464,Media-104516,1,2138.798785603004,0.02300281100182689,1.2469307473456466
465,465,Media-104601,1,1901.8220948348176,0.03005298279320992,0.8431210947476034
466,466,Media-104602,1,1904.873566891703,0.020961172304831403,0.8171113084650993
467,467,Media-104603,1,1900.563755842288,0.03854985849972085,0.8892252902200865
468,468,Media-104604,1,1210.7423201374186,0.023267409855922145,0.8545016744120414
469,469,Media-104605,1,2158.712000159789,0.011515896246512756,0.9648208761722196
470,470,Media-104606,1,3512.30725442416,0.015663725121582484,0.7893740055767845
471,471,Media-104607,1,2029.8266288499176,0.012241435674199788,1.0673925812533118
472,472,Media-104608,1,2162.3297247633122,0.010642541666583363,1.0478565695699489
473,473,Media-104609,1,1239.7155754404187,0.03015152540383765,1.054124505113382
474,474,Media-104615,1,1624.4841808812366,0.018802253160722125,1.1141565247246643
475,475,Media-104616,1,1263.0892222266607,0.03892624127142614,1.054010972682623
476,476,Media-104617,1,1421.7972276594894,0.03718106188057161,0.9500769778532664
477,477,Media-104618,1,2360.958534734151,0.010736289622930852,1.1615734515548564
478,478,Media-104701,1,890.6837973874484,0.01327774098727797,0.8816851283170004
479,479,Media-104702,1,889.1737905964128,0.022646834616832458,0.9616842586741372
480,480,Media-104703,1,1806.7231254743729,0.019384379028379355,0.900549788055588
481,481,Media-104704,1,1351.55045340151,0.029708742214302624,0.8111560856662102
482,482,Media-104705,1,1205.583130268046,0.025130545386799232,1.0178835971118079
483,483,Media-104706,1,1823.867994247593,0.03062303646523846,1.0069796416856247
484,484,Media-104707,1,3083.2451164462905,0.030298254192027998,0.9803673070685066
485,485,Media-104708,1,2414.7525266648017,0.0275827216917161,1.0042844106504456
486,486,Media-104709,1,1407.986957216474,0.012540985453717528,1.035668506816272
487,487,Media-104710,1,1137.412615347741,0.006177572661814961,1.0736724022944295
488,488,Media-104711,1,2516.9296528582267,0.0237081292300622,0.8397247492076511
489,489,Media-104712,1,1613.284963847721,0.037013720938215366,1.071112048625884
490,490,Media-104716,1,1427.1766268525546,0.016615028340345332,1.085218948459177
491,491,Media-104717,1,1912.8640194942675,0.012298124445086284,1.068750304924268
492,492,Media-104718,1,2828.966264530819,0.015039612166176638,1.10929371342754
493,493,Media-104801,1,1395.4035672911755,0.02367131103849156,0.9632452774845021
494,494,Media-104802,1,1791.1197219670034,0.016430735151997347,1.0069042226995213
495,495,Media-104803,1,2018.7847041904683,0.02904717821634532,0.8931515411659506
496,496,Media-104804,1,2391.976590900012,0.02753313537649857,0.891989320073802
497,497,Media-104805,1,2449.8287260815728,0.046017019137583,0.8680342419399487
498,498,Media-104806,1,2039.7989653657169,0.01530906884733464,1.0455696570063289
499,499,Media-104807,1,2094.2221267926334,0.017046996018303142,1.2861997836653407
500,500,Media-104808,1,1316.0338353373545,0.025421866163975185,1.0820056724319982
501,501,Media-104809,1,1603.7845044541205,0.018354173998611625,0.8415578987836424
502,502,Media-104810,1,1773.7546438700913,0.021003358859091256,0.9616004603085956
503,503,Media-104811,1,1623.4775096872131,0.026156694354461482,0.9323132229585379
504,504,Media-104815,1,3690.3936803419483,0.01471434837175458,1.1979578833573994
505,505,Media-104816,1,3496.4207246434703,0.006155977095330038,1.1483179362704752
506,506,Media-104901,1,1294.264570766588,0.023134526128822098,0.7820730375550163
507,507,Media-104902,1,1210.2075260655936,0.017402543015792398,0.9611710301355528
508,508,Media-104903,1,1112.5918787200894,0.02182653164061971,0.9478812819827244
509,509,Media-104904,1,1969.4578156832981,0.026367653140611725,0.8893937837125643
510,510,Media-104905,1,1126.087564414972,0.05346270657565171,0.8450516736894436
511,511,Media-104906,1,1899.903127871209,0.025785086602234258,0.9514744552981608
512,512,Media-104907,1,2469.1442296169057,0.008067492843354588,1.0614322662860558
513,513,Media-104908,1,1522.8733072344503,0.021908004848835292,0.7797630490093396
514,514,Media-104909,1,1687.873007629929,0.0450650857777537,1.0059491185575296
515,515,Media-104915,1,3340.323772620141,0.010290646092472744,1.1572408104534972
516,516,Media-104916,1,3081.074481684177,0.018946802997406302,1.34384439366401
517,517,Media-104917,1,3276.4316102744374,0.031415039485918214,1.2054803372087926
518,518,Media-104918,1,2431.7086445891423,0.01726091067595047,1.125813589586657
519,519,Media-105001,1,1663.6814404985419,0.02617262068720921,0.8110790717637206
520,520,Media-105002,1,1288.0987097031916,0.03995341676155896,0.9776412614928268
521,521,Media-105003,1,1415.5684496464664,0.04091689010403453,0.9157688556631456
522,522,Media-105004,1,1834.438041784844,0.017991418259979804,0.859359268720302
523,523,Media-105005,1,1969.5836495825504,0.027634959554371,0.9962058645631756
524,524,Media-105006,1,1513.4043063156632,0.029502137161416583,0.8108619211331018
525,525,Media-105007,1,2716.942635720848,0.01676784064190327,0.8178743991815461
526,526,Media-105008,1,2557.511085367315,0.01708967115291419,1.1146425925032004
527,527,Media-105009,1,2357.907062677266,0.03501660748220189,0.9227615979836296
528,528,Media-105010,1,2094.788379339272,0.022426703775317098,0.9991946935239148
529,529,Media-105011,1,1758.9377022330523,0.012221715106873879,1.08690106321457
530,530,Media-105016,1,1747.8014021491626,0.0262795018255876,1.0603076445809956
531,531,Media-105017,1,2311.0339352055285,0.03296059757452966,1.1935735501768283
532,532,Media-105018,1,4971.571525586226,0.0212020292784094,1.0494374702238551
533,533,Media-105019,1,3125.021970998282,0.024471094785541717,1.1704391776706278
534,534,Media-105020,1,1858.1891902688446,0.027370135111535028,1.1247829735852632
535,535,Media-105101,1,1493.837134981824,0.05788841721724713,0.9273899058319278
536,536,Media-105102,1,1078.7740182958494,0.041158440638974635,0.8891605646281974
537,537,Media-105103,1,1962.1279910518115,0.040397051119569684,0.9867388873142546
538,538,Media-105104,1,1592.522370470978,0.02296362971302841,0.8987645892562738
539,539,Media-105105,1,764.0948947389445,0.022729903944889416,0.9601241094762476
540,540,Media-105106,1,1836.4828426477047,0.01748254595363611,0.9867048730278092
541,541,Media-105107,1,2027.530160188551,0.029896662609647164,1.0781552993859351
542,542,Media-105108,1,1920.854472096832,0.042613885753722505,0.9825082849927054
543,543,Media-105109,1,2124.013302440778,0.020637953571100112,1.0319285776191829
544,544,Media-105110,1,1095.321176047617,0.05574627898479085,0.975924155813902
545,545,Media-105111,1,2503.68563496185,0.0464482762241133,0.9173130862996576
546,546,Media-105112,1,2205.7424200055925,0.06717721545043147,1.0657040463562129
547,547,Media-105119,1,2093.907542044501,0.028066760124163825,1.0468989045840114
548,548,Media-105120,1,2149.7148763632003,0.029247824789596814,1.1653868622076695
549,549,Media-105121,1,3545.6846962010145,0.025846739093745456,1.1868023021858112
550,550,Media-105122,1,2299.1740902009346,0.03901188612182591,0.9256995474531036
551,551,Media-105207,1,1668.0283894207705,0.015674482568895382,1.1756550099636516
552,552,Media-105209,1,1107.244543193109,0.016552985217110846,1.0997289788230682
553,553,Media-105210,1,1387.2946638813642,0.02438273528419468,0.9884990841051668
554,554,Media-105211,1,2251.208432676622,0.02531188669493776,0.8664622958119829
555,555,Media-105212,1,1909.178138817329,0.024455638854521504,1.05357764644124
556,556,Media-105213,1,1541.105755390373,0.03870109832205887,0.7794306383306925
557,557,Media-105214,1,701.8017612365562,0.019067939361219824,0.8021168262000979
558,558,Media-105215,1,1401.3573922479015,0.014403174666113119,0.97035414799102
559,559,Media-105301,1,1054.3937003155834,0.02280996933674088,0.895823511022478
560,560,Media-105302,1,1103.97225662126,0.0409000860063635,0.8817055473801529
561,561,Media-105303,1,2530.299504653857,0.013157500723466593,0.9643412582914154
562,562,Media-105304,1,967.190808133264,0.03701139446033309,1.0083020044193558
563,563,Media-105305,1,2173.0570646746287,0.03163027226362893,1.0401175282259048
564,564,Media-105306,1,1968.5455199137134,0.01666557749349574,1.2206810723914627
565,565,Media-105307,1,1501.8275875843885,0.03424330530704153,1.001818024172734
566,566,Media-105308,1,1864.82692845444,0.03045869355235215,1.0503600434176488
567,567,Media-105309,1,2142.0704669835814,0.03581168337545488,1.146783932917521
568,568,Media-105313,1,3014.7285583030393,0.031616675370892036,1.1703372269607006
569,569,Media-105314,1,4639.999201054608,0.020896861158348046,1.0447603872863185
570,570,Media-105315,1,2960.2110214516833,0.025261073858838,1.1732470193509217
571,571,Media-105316,1,1345.7935525106855,0.030195468218020587,0.9684893622013999
572,572,Media-105317,1,1925.2901170455,0.035070123456624434,1.1382709338980814
573,573,Media-105318,1,2202.124695402069,0.04057219677388819,1.0236999403615623
574,574,Media-105320,1,2293.637398633803,0.028354066574808608,1.007631927952217
575,575,Media-105401,1,3073.2098629808647,0.04745689777366882,1.2333203128989714
576,576,Media-105402,1,1911.3225542284185,0.03471130125445107,1.0612548906611878
577,577,Media-105403,1,3979.7801901490034,0.02599963157136821,1.061845883442307
578,578,Media-105404,1,2745.381096952023,0.03549817145049678,1.1386086720650996
579,579,Media-105405,1,2713.733871289897,0.04586883291899064,1.1300134234952126
580,580,Media-105406,1,3407.802201094555,0.04291260402943491,1.1051980080659043
581,581,Media-105407,1,2008.780909199856,0.023190989506256008,1.308671742492657
582,582,Media-105408,1,1931.2043103103906,0.026588443269647943,0.9667199918612022
583,583,Media-105409,1,2718.421184037071,0.03025510250062528,1.1733709648234931
584,584,Media-105410,1,2073.2393240921983,0.029611098517329005,1.029398672122724
585,585,Media-105411,1,1993.5550073902448,0.03714524945240128,1.0113079075974636
586,586,Media-105412,1,2075.913294451324,0.04744067468213664,0.9673835410407204
587,587,Media-105413,1,2799.741341429313,0.03723230576426053,1.0539609812134787
588,588,Media-105414,1,2671.7053489394,0.04602117366231805,1.1354563117918821
589,589,Media-105415,1,2658.083829345264,0.04531029030907372,1.19971751656377
590,590,Media-105416,1,2537.59787081053,0.03275171704103385,0.9893010270053092
591,591,Media-105417,1,4520.64574761315,0.028085694619437454,1.4115451167701587
592,592,Media-105418,1,1388.7658291055805,0.026051543093694937,1.0614697450631974
593,593,Media-105419,1,2226.3477210082688,0.03462341852712659,0.9348353515791392
594,594,Media-105420,1,3087.617844445332,0.035435079881078656,1.1409030363506785
595,595,Media-105501,1,1152.9531019054846,0.03596191622205318,1.007104716382244
596,596,Media-105502,1,1017.964786481844,0.031724011710667466,0.8870513467712936
597,597,Media-105503,1,973.7341708944192,0.022431681166200663,0.9011497843385292
598,598,Media-105504,1,993.99342867415,0.05119846143571246,0.9004589005689065
599,599,Media-105505,1,1956.5912994846801,0.03531596675490537,1.150142666260643
600,600,Media-105506,1,2482.5769983621617,0.0316932243174018,1.0527995201629925
601,601,Media-105507,1,1499.6569528222744,0.04196075582806947,1.078850100167893
602,602,Media-105508,1,1570.8474813246514,0.0444900889753706,1.1526351770689074
603,603,Media-105509,1,1616.8083130268044,0.01791025626680581,1.2399717043882226
604,604,Media-105510,1,1859.1014860384287,0.04046447085451085,1.0811135433900545
605,605,Media-105511,1,959.3576479047656,0.05920583984492124,0.8749616008480949
606,606,Media-105516,1,1924.4721967003554,0.04849609303365356,1.2751727771540622
607,607,Media-105517,1,4509.383613630008,0.06711424188880383,0.9650567809060892
608,608,Media-105518,1,2907.643910038749,0.031358672897659,1.1524905444972544
609,609,Media-105601,1,2457.8506371589497,0.03997711767871295,1.0980421087500676
610,610,Media-105602,1,3636.788439260176,0.029047370439133524,1.2980425369275668
611,611,Media-105603,1,3397.735489154316,0.02967316524551988,1.2839178165572465
612,612,Media-105604,1,3871.9090800143813,0.04880805021443923,1.1809900872715706
613,613,Media-105605,1,3137.1334838013813,0.028338389514338657,1.28333737581647
614,614,Media-105606,1,4178.943794191667,0.02656033604502477,0.9564877478221948
615,615,Media-105607,1,3598.2203491391356,0.04733447366391999,1.1655050764243846
616,616,Media-105608,1,3846.962509487477,0.054085729427311366,1.3540957963075628
617,617,Media-105609,1,3263.753844924699,0.03607694441584725,1.1094514481713784
618,618,Media-105611,1,5800.754004713777,0.036061836616290976,1.232264180145174
619,619,Media-105612,1,2177.241041824791,0.025611706130672682,1.035746027313073
620,620,Media-105613,1,2898.9299125154803,0.03961018543170312,1.0243498851039756
621,621,Media-105614,1,2181.4879359245792,0.035093991552093085,1.0830296581268162
622,622,Media-105615,1,2119.357448168417,0.020468791903256067,1.1482014284002526
623,623,Media-105701,1,1058.9866376383172,0.029048451567261664,0.8510774048012018
624,624,Media-105702,1,1288.004334278752,0.06248845455123165,0.8796685877803938
625,625,Media-105703,1,721.3113689929293,0.02884718647039813,0.8799719954380905
626,626,Media-105704,1,929.6293892062475,0.0233442694769356,0.8628726179668068
627,627,Media-105705,1,1994.3414692605759,0.03900184428425845,1.4288748548529089
628,628,Media-105706,1,2663.148643790197,0.01605759098769239,1.1609776477013185
629,629,Media-105707,1,2302.319937682259,0.05285783955854981,1.1494397912904222
630,630,Media-105708,1,1872.345503934806,0.050514583978162095,1.032313703549746
631,631,Media-105709,1,1583.839831422522,0.060263155952061075,0.9408640163713544
632,632,Media-105710,1,1212.4725362521472,0.051921546524287696,1.01736828319503
633,633,Media-105715,1,1999.0287820077497,0.02698840756845681,1.2748815334901304
634,634,Media-105716,1,2424.0956936843368,0.040010030881347664,1.1918877123414202
635,635,Media-105717,1,2434.319697998641,0.0259238980038417,1.100237148887501
636,636,Media-105801,1,1803.1054008708504,0.020476615362260468,0.8930081721732841
637,637,Media-105802,1,1321.9480286022451,0.039417829474484516,0.8175368944363632
638,638,Media-105803,1,1642.4784284744135,0.01881279000744273,0.8118584115148876
639,639,Media-105804,1,1540.7731794031877,0.014974291693415484,0.8928716765517365
640,640,Media-105805,1,804.1415331762073,0.016713532467669396,0.8572839605962465
641,641,Media-105806,1,1752.0797547237646,0.035063464531851274,1.1136301649453046
642,642,Media-105807,1,1673.811069388407,0.026131530941908284,1.0012095273949324
643,643,Media-105808,1,2506.3281468461632,0.028462878436955517,0.9787991260845508
644,644,Media-105809,1,1059.1124715375704,0.02692388435103788,0.7753485585302959
645,645,Media-105810,1,1652.9226421124115,0.023930327622442786,0.9747256859198464
646,646,Media-105811,1,1450.1413134662243,0.05302426770507489,0.9841681007512848
647,647,Media-105812,1,1440.8296049215037,0.02678967812477267,0.954840725159602
648,648,Media-105816,1,2773.7251827587584,0.02605791419114109,1.0149380731081803
649,649,Media-105817,1,3712.6977389845397,0.01722481518762578,1.1433965784289095
650,650,Media-105818,1,3224.9340870051533,0.0227975430241342,1.0457876156940522
651,651,Media-105819,1,2856.9013901649823,0.042222437194733294,1.2167932708727818
652,652,Media-105820,1,3204.5804538009825,0.0165620277547892,1.122632791507114
653,653,Media-105901,1,1271.6144689010505,0.027484479523898115,0.8371231047849136
654,654,Media-105902,1,1829.8136459872967,0.016960595191924555,0.8646066853642517
655,655,Media-105903,1,866.8068150041944,0.02465259916514206,1.10766554641689
656,656,Media-105904,1,2054.395697679064,0.017992630684965,0.9474996300429952
657,657,Media-105905,1,1425.0059920904403,0.005631578207193333,1.0770745937155242
658,658,Media-105906,1,2210.3353573283266,0.0191266326962164,1.0501941405089512
659,659,Media-105907,1,2276.1779451124507,0.017111143993918786,1.0034915687672321
660,660,Media-105911,1,1996.008768425678,0.021379372376033608,1.1907448668141871
661,661,Media-105912,1,1892.1958015419648,0.012429715919014268,1.0985818867289514
662,662,Media-105913,1,1937.810590021172,0.01429422297012817,1.174743318359406
663,663,Media-105914,1,1726.975891822794,0.013960251488593329,1.2214238594793785
664,664,Media-106001,1,4602.123197379458,0.042918045693364784,1.5554881442277269
665,665,Media-106002,1,3866.4667638716887,0.032601836447290936,1.138381095082087
666,666,Media-106003,1,3297.005452802301,0.03747814144162897,1.2174427360671476
667,667,Media-106004,1,3488.8706906882912,0.037146111373880894,1.2001376595604611
668,668,Media-106005,1,3756.991271521591,0.016149539755725417,1.2132240393899567
669,669,Media-106006,1,5014.009008109295,0.01878192483569071,1.2632190170335842
670,670,Media-106007,1,4790.339252187113,0.022038790593018626,1.4013759822254126
671,671,Media-106008,1,3250.6671194023884,0.025695970339923446,1.1456108240797729
672,672,Media-106009,1,3792.2562217872414,0.02115327093322986,1.142752718890334
673,673,Media-106010,1,1398.2348300243673,0.04269328875350233,0.9332681947489159
674,674,Media-106011,1,1434.4435345344143,0.04361230014156578,0.9915821699045032
675,675,Media-106012,1,2195.361123317221,0.03022687314295302,0.9410496967368924
676,676,Media-106015,1,2782.470638756841,0.03586712380926445,1.2314969323108322
677,677,Media-106016,1,4383.518255902209,0.02426400422304483,1.1769945214603346
678,678,Media-106017,1,4606.999260975512,0.02203070589847779,1.3926781803566954
679,679,Media-106101,1,3174.789278152838,0.027094207596459745,1.1971541741262743
680,680,Media-106102,1,3214.5527903167817,0.06311153332109205,1.2856728509828692
681,681,Media-106103,1,3314.8738664962248,0.04215834072322962,1.190620657977005
682,682,Media-106104,1,3290.650840890025,0.01467737229066902,1.0015435212374064
683,683,Media-106105,1,2644.9027283985142,0.02096765978309645,1.3939402430787071
684,684,Media-106106,1,3499.157611952223,0.04681735410687397,1.2931872953493115
685,685,Media-106107,1,4642.452962090041,0.03077065948155093,1.4346732747410569
686,686,Media-106108,1,5898.495485958534,0.02848187125125602,1.1291241537128798
687,687,Media-106109,1,4329.913014820437,0.029863405987030224,1.1821387831035046
688,688,Media-106110,1,1930.8582670874443,0.037606788503432666,0.9593353075747344
689,689,Media-106111,1,1720.4325290616384,0.04452884341632424,0.9630291071904108
690,690,Media-106112,1,1457.7857228458429,0.03398630500479838,1.0341748629408822
691,691,Media-106113,1,1671.231474453721,0.028318109444639306,0.9700822394499581
692,692,Media-106114,1,3797.1952023329204,0.03557877181182974,1.1711696227479464
693,693,Media-106115,1,3284.705189150321,0.03972713918994822,1.0535975003118077
694,694,Media-106116,1,4172.746474653457,0.05176819927465575,1.0815282584957735
695,695,Media-106117,1,1131.1209203850915,0.03767664170361617,1.236780777213053
696,696,Media-106118,1,1775.642152358886,0.05323092021170023,1.062623813656155
697,697,Media-106119,1,2288.4467502896177,0.028836243205628193,1.3639523528195479
698,698,SMC_001,2,1611.025,0.027052287399115086,1.1360513600918158
699,699,SMC_002,2,1847.525,0.012531106042251518,0.9256874396035412
700,700,SMC_003,2,1186.8,0.015445970875005037,0.9855001265762776
701,701,SMC_004,2,1132.975,0.014368286117901146,1.0352154039318455
702,702,SMC_005,2,1541.775,0.010542418604696686,0.8128150510194099
703,703,SMC_006,2,901.45,0.020965976357924743,0.9412455475779766
704,704,SMC_007,2,844.1750000000003,0.024682898784303967,0.9355982364831468
705,705,SMC_008,2,948.675,0.03905401187911872,1.1274878260905072
706,706,SMC_009,2,1826.075,0.031130578508403624,1.1337043687106805
707,707,SMC_010,2,1068.4,0.018602014086037767,0.955886951350893
708,708,SMC_011,2,946.75,0.015859978315378144,1.0351200974192052
709,709,SMC_012,2,1206.225,0.018018797313130257,1.006577889693867
710,710,SMC_013,2,1841.9,0.017031187812961944,0.8245080338477265
711,711,SMC_014,2,817.975,0.01583144946576408,1.0944162597136615
712,712,SMC_015,2,875.875,0.024538704501233844,1.1222937321282809
713,713,SMC_016,2,655.225,0.020441570417147743,1.0111030244306929
714,714,SMC_017,2,2075.15,0.03437295415773825,1.1529069828468477
715,715,SMC_018,2,1049.6,0.012032144507888963,0.9991511934743454
716,716,SMC_019,2,1781.95,0.015524354704436943,0.7995080732986308
717,717,SMC_021,2,1197.1,0.0592599471799596,0.9765612796839502
718,718,SMC_022,2,1080.25,0.010442332697699857,1.060094855697831
719,719,SMC_023,2,1740.9250000000006,0.009691536143745192,0.927220739345348
720,720,SMC_024,2,1175.2,0.016863031116831264,1.0594330320184926
721,721,SMC_026,2,600.725,0.03541782560310698,0.8756942618059116
722,722,SMC_027,2,1893.85,0.017709366674385073,0.959946717391198
723,723,SMC_028,2,981.725,0.013831488166223748,1.001460288155027
724,724,SMC_030,2,2567.875,0.029679288994958607,1.3138223078641038
725,725,SMC_032,2,1772.2,0.006562452954439299,0.7773147432619958
726,726,SMC_033,2,728.0500000000003,0.01466450436901384,1.011721110497205
727,727,SMC_034,2,2389.275,0.024997081754440275,0.9827661790941904
728,728,SMC_035,2,980.525,0.0547523123701216,1.0161583170728838
729,729,SMC_036,2,1917.525,0.006985331026251029,0.8369204663321511
730,730,SMC_037,2,1475.525,0.010153785514074169,0.9860193205301452
731,731,SMC_038,2,1028.175,0.012128688324159578,1.0634198289862018
732,732,SMC_041,2,2997.65,0.01106808590680884,1.0150588957211288
733,733,SMC_042,2,1797.65,0.017340620320021236,0.9626542325828152
734,734,SMC_043,2,1151.275,0.010076451844829842,0.9587100173023974
735,735,SMC_044,2,1253.6,0.02044282805707068,0.9087528678325354
736,736,SMC_046,2,1379.3000000000006,0.011892068641201537,1.0190963777948052
737,737,SMC_047,2,1015.45,0.01674071270420201,0.9631076215650116
738,738,SMC_048,2,1009.6,0.016410825455532334,1.0044953387224118
739,739,SMC_051,2,1348.3000000000004,0.017226132386122733,1.1179365164485588
740,740,SMC_052,2,2187.1,0.01307473047524043,1.1730819484855264
741,741,SMC_054,2,1348.0500000000004,0.017156760274461863,0.961423620256358
742,742,SMC_055,2,1181.45,0.030853538165655562,0.929352722366276
743,743,SMC_056,2,1141.2,0.020140185524107592,1.0999026072923077
744,744,SMC_057,2,1678.525,0.00552384444782545,0.7755270751932085
745,745,SMC_058,2,1793.275,0.018085513507489208,0.8124584474859076
746,746,SMC_059,2,1727.1,0.017064314109371974,0.7692999999725013
747,747,SMC_060,2,1365.875,0.03054579166693745,0.815366875463893
748,748,SMC_061,2,1916.875,0.011777857467831252,0.7678664836553684
749,749,SMC_063,2,873.6500000000003,0.02023365314122656,1.0295018397683795
750,750,SMC_064,2,685.0,0.04025652195904878,1.0622832969582885
751,751,SMC_065,2,535.0500000000002,0.023761109501313632,0.941727853381298
752,752,SMC_066,2,1618.625,0.0454930494304848,1.1588679156957478
753,753,SMC_067,2,1345.325,0.009616451437539556,0.9909453048821196
754,754,SMC_068,2,1813.525,0.015578933703045524,0.8339817953014921
755,755,SMC_069,2,835.0500000000003,0.025446774918733088,1.0131569483795946
756,756,SMC_071,2,1596.45,0.021723963629896387,0.9592614899126166
757,757,SMC_072,2,1858.35,0.025365519155694547,1.0418538514720934
758,758,SMC_073,2,2146.4500000000007,0.015715326223350232,0.939793302053013
759,759,SMC_074,2,994.45,0.009855107067286043,0.9434916138806564
760,760,SMC_075,2,1740.125,0.0233049771382415,0.8813879612151974
761,761,SMC_076,2,1138.65,0.01977968723231776,0.9460363640946132
762,762,SMC_079,2,937.55,0.023675657340736272,1.3070561403802443
763,763,SMC_080,2,1114.675,0.013694704216396623,0.898558858771082
764,764,SMC_082,2,1346.2,0.006802029778280113,0.7719151539451019
765,765,SMC_084,2,1191.375,0.02488771678216968,0.9676496258876156
766,766,SMC_085,2,1558.65,0.01807180355500617,0.8398137493218663
767,767,SMC_086,2,1697.75,0.01875981712837146,1.0733088995194595
768,768,SMC_087,2,1884.45,0.012839717826899662,0.7849123137260876
769,769,SMC_088,2,1770.725,0.027818952260143484,1.0374857668064867
770,770,SMC_089,2,1069.575,0.05078354457163939,0.7910644187533293
771,771,SMC_092,2,1464.35,0.011910065189175787,0.7475908589914638
772,772,SMC_093,2,1430.525,0.015223102284498009,1.2719286930044542
773,773,SMC_095,2,1756.15,0.019284919560935688,0.823208174005467
774,774,SMC_096,2,2381.7000000000007,0.0180630528187747,0.8433131612145378
775,775,SMC_098,2,1484.575,0.010048280013047087,0.8124586900516211
776,776,SMC_099,2,1463.075,0.02095142782896704,0.9789178494658398
777,777,SMC_100,2,1456.7,0.01569305767594924,0.9926150873128492
778,778,SMC_101,2,946.15,0.013682009247362159,0.9136789835401788
779,779,SMC_103,2,1008.025,0.014690581578185568,0.8441496317468559
780,780,SMC_104,2,1427.4250000000006,0.008738027233814206,0.8999922780734777
781,781,SMC_105,2,1376.4,0.02403085633679898,1.0085113456470578
782,782,SMC_106,2,1058.35,0.03836362252548461,0.9485560890923476
783,783,SMC_109,2,1111.075,0.0489372300331756,0.9258288975838578
784,784,SMC_111,2,841.2,0.015470367245697015,1.1025693192408546
785,785,SMC_113,2,1178.45,0.031566594178687506,1.0300145147927695
786,786,SMC_114,2,2350.2000000000007,0.024584824121763785,0.9782813559425616
787,787,SMC_116,2,2397.1,0.024586452638170064,1.114751276031916
788,788,SMC_117,2,778.4250000000003,0.028760096085336008,1.0239884558591867
789,789,SMC_118,2,845.35,0.009701035220595006,1.015099627970636
790,790,SMC_119,2,1446.375,0.04523700856929287,0.9762861164603752
791,791,SMC_120,2,2009.275,0.024731372555612686,1.034769304848905
792,792,SMC_121,2,2086.3,0.025619956790844785,0.8655765030566905
793,793,SMC_124,2,241.175,0.0725064153587415,0.9424134812102212
794,794,SMC_126,2,1278.0500000000004,0.012570878626176066,0.8945640061736594
795,795,SMC_127,2,861.25,0.016624194068866043,1.0658801560348126
796,796,SMC_130,2,1236.325,0.01150425403500408,1.0301394366819725
797,797,SMC_133,2,1668.375,0.030167526408990487,1.0867472705476553
798,798,SMC_135,2,1115.1,0.008619529267656014,1.0179483611499136
799,799,SMC_137,2,1773.725,0.0044904810198478865,0.9631677207100636
800,800,SMC_139,2,2519.675,0.02464458713885093,1.1833290760549382
801,801,SMC_140,2,1458.825,0.049030776592366175,0.9601504701726786
802,802,SMC_142,2,2507.175,0.006497656019174714,0.9490243121694172
803,803,SMC_143,2,3083.950000000001,0.014087609642063225,0.9918253845011656
804,804,SMC_146,2,1053.85,0.017831813791439704,0.8013447234297719
805,805,SMC_147,2,1849.4,0.029418326558977536,0.9314392148734948
806,806,SMC_148,2,4978.325000000002,0.015120693732979043,1.01857344890861
807,807,SMC_149,2,1205.85,0.02393376923464964,1.0175081072707528
808,808,SMC_150,2,1569.45,0.01918295941815226,1.0048028637441575
809,809,SMC_151,2,1510.3000000000006,0.02263456506760473,1.3726542000907795
810,810,SMC_152,2,1332.0,0.02028258695697849,0.9935395526071306
811,811,SMC_153,2,1339.2,0.029228099830830342,0.8531224289079768
812,812,SMC_154,2,1771.0500000000006,0.015564938832009309,0.7530914671281458
813,813,SMC_157,2,1660.025,0.018720485141949208,0.9939789432915724
814,814,SMC_158,2,1081.0,0.013703820715152524,0.9066383727600668
815,815,SMC_159,2,1568.9,0.015518633650716375,0.8516060406423063
816,816,SMC_161,2,2029.425,0.008063363238800388,0.6977937193432898
817,817,SMC_166,2,1815.375,0.01640278367716498,0.9323175991615116
818,818,SMC_167,2,1347.575,0.00865585179623183,1.133451503665281
819,819,SMC_168,2,1588.7,0.01451508201362164,0.9005883405456258
820,820,SMC_169,2,1022.925,0.009000670880845734,1.021183788551328
821,821,SMC_170,2,1763.1750000000006,0.032197277166504834,1.042623926399236
822,822,SMC_171,2,2738.725000000001,0.00963736070957115,1.2916688183025062
823,823,SMC_172,2,1992.775,0.010124748106843872,1.002797108186688
824,824,SMC_173,2,1438.6750000000006,0.03986350131921155,1.1173081156569635
825,825,SMC_174,2,1385.25,0.015765708704527582,1.03832987221066
826,826,SMC_175,2,1461.7,0.012289065453112504,0.8104066225111828
827,827,SMC_176,2,1765.525,0.02168271759346574,0.8007995846973043
828,828,SMC_178,2,1510.625,0.02740546974022,1.0203027277425258
829,829,SMC_179,2,1334.0500000000004,0.011682319145198078,0.7100292622007054
830,830,SMC_181,2,2080.375,0.014964588457499081,1.0697862813688679
831,831,SMC_182,2,1515.25,0.02308957023012916,0.9864820192779166
832,832,SMC_184,2,1978.85,0.02227548006175734,0.8805339718760518
833,833,SMC_187,2,1760.5,0.018722947661578327,0.875789816505128
834,834,SMC_188,2,1338.575,0.005484456355191353,1.0013845475381675
835,835,SMC_190,2,2074.1,0.020256063038112795,0.9921292627363396
836,836,SMC_192,2,1368.6750000000004,0.008373338943817003,0.7075221887236899
837,837,SMC_193,2,2677.55,0.07178264853369715,1.0881199128723384
838,838,SMC_194,2,2310.35,0.029603127039545162,0.7875867106607618
839,839,SMC_195,2,863.1500000000003,0.014424504962567556,0.8752005148054653
840,840,SMC_197,2,1490.5500000000006,0.03005139235121753,0.9854878930259868
841,841,SMC_198,2,1360.1,0.062072714180182474,1.04667938685158
842,842,SMC_199,2,2170.5750000000007,0.04057014614075198,1.2212634351872842
843,843,SMC_202,2,1838.875,0.013547419720271769,0.8416084615491535
844,844,SMC_203,2,610.625,0.036910483467848726,0.9369038208313176
845,845,SMC_204,2,1878.25,0.014510910037935316,1.001128314432117
846,846,SMC_205,2,1525.025,0.019677277254547255,1.3109808734741253
847,847,SMC_206,2,1045.125,0.015744649895163068,0.9205689034673824
848,848,SMC_207,2,1450.375,0.01375725734355115,0.9181726576359416
849,849,SMC_208,2,1377.0,0.008550981766782689,0.7560029679675351
850,850,SMC_209,2,2565.4500000000007,0.014167264162582897,0.869325582373175
851,851,SMC_211,2,1428.8000000000006,0.007837773197073782,0.8379879706620218
852,852,SMC_212,2,1601.75,0.008353862380065852,0.7897677613631894
853,853,SMC_213,2,1429.0500000000006,0.016409856987619344,0.8414109538499908
854,854,SMC_214,2,1803.35,0.018515646135068932,0.8146457065441901
855,855,SMC_215,2,1036.025,0.02247612488825584,1.01593743625044
856,856,SMC_216,2,1711.475,0.03665896166941472,0.9274207004741644
857,857,SMC_217,2,1217.5,0.024022294060156008,0.8787577944199204
858,858,SMC_219,2,2573.375,0.0243536154114121,1.015260594765596
859,859,SMC_220,2,2162.3250000000007,0.04233631208511954,1.0790766926213118
860,860,SMC_221,2,1557.9250000000006,0.06602075176637609,1.0841387498705797
861,861,SMC_222,2,2078.0750000000007,0.02592669701811584,1.0409790865505208
862,862,SMC_223,2,1717.5500000000006,0.03562924662013521,0.9837106634502916
863,863,SMC_224,2,2884.2250000000013,0.02221277024866392,1.0277257384333245
864,864,SMC_225,2,1561.525,0.062142834399463824,1.0755896793343906
865,865,SMC_226,2,1408.375,0.013092370658351235,0.7571338520337411
866,866,SMC_227,2,1224.725,0.016226610002405897,0.8255862821745645
867,867,SMC_229,2,1023.3,0.009498343988932288,0.9925800819113686
868,868,SMC_232,2,2061.0750000000007,0.009350766952524495,0.8754080318518971
869,869,SMC_235,2,1371.525,0.035408584560819946,1.0023414012199443
870,870,SMC_236,2,1714.025,0.02224714545562929,1.0191331794127965
871,871,SMC_237,2,1795.4250000000006,0.02586924048601253,0.9263564119934052
872,872,SMC_239,2,1492.625,0.015130929947707076,0.8784487719227955
873,873,SMC_241,2,1138.0,0.04601851068584032,1.046924045457025
874,874,SMC_242,2,1530.1,0.018721220817320625,0.9104298690623857
875,875,SMC_243,2,1805.65,0.008633494691305312,0.8660814039882025
876,876,SMC_244,2,1746.95,0.021690004640912496,0.7766202938394494
877,877,SMC_248,2,1210.725,0.02574577602434556,0.9397521162020251
878,878,SMC_249,2,2170.65,0.018224286698377862,1.05680229056166
879,879,SMC_251,2,1987.775,0.009196266664865551,0.7953944942406272
880,880,SMC_252,2,1317.7,0.008571928222186779,1.0622007934949933
881,881,SMC_253,2,1585.875,0.015263755530215944,1.0632891527035238
882,882,SMC_254,2,743.6500000000003,0.00994764145968628,0.9819917844911412
883,883,SMC_255,2,1022.575,0.012463208230507002,0.94994385010311
884,884,SMC_256,2,1401.65,0.00972072284201948,0.9406824630841568
885,885,SMC_257,2,828.2,0.02073867857551456,1.1257036505576348
886,886,SMC_258,2,1404.15,0.028205289249045595,1.0752716573884582
887,887,SMC_259,2,1648.375,0.04340988493394349,0.9529813052648108
888,888,SMC_260,2,1617.5500000000006,0.012076953393575823,0.9192686136676544
889,889,SMC_261,2,1013.45,0.012539930544796749,0.9204711058722302
890,890,SMC_262,2,1484.9,0.010431399062280342,1.019395584226038
891,891,SMC_263,2,2013.875,0.012315172650235158,0.9808318183237316
892,892,SMC_264,2,1068.125,0.0177909739170527,0.930186350131602
893,893,SMC_265,2,1527.275,0.046612789932872184,1.191999303375764
894,894,SMC_266,2,980.85,0.01360248467669442,1.16486744511634
895,895,SMC_269,2,1042.975,0.01961839836214213,0.9855813680052328
896,896,SMC_271,2,4258.45,0.031885770629084445,1.8613630463481607
897,897,SMC_272,2,4159.3,0.041173737973874636,1.3079406295063007
898,898,SMC_273,2,3557.125,0.05160221003149587,1.4482749668826136
899,899,SMC_274,2,3689.6,0.02167596542301047,1.460102797524845
900,900,SMC_275,2,1042.175,0.02664559973086453,1.461292903640441
901,901,SMC_276,2,2670.9500000000007,0.02006086906872637,1.2927591738438458
902,902,SMC_277,2,3491.775,0.02790355889708381,1.2923451959268328
903,903,SMC_278,2,3040.15,0.033341821459397944,1.517267331815738
904,904,SMC_279,2,4866.825,0.036029734470591684,1.8036857577405825
905,905,SMC_280,2,2998.325000000001,0.042909209164749794,1.5771128163967638
906,906,SMC_281,2,2066.85,0.0656467923329715,1.175195717036208
907,907,SMC_282,2,3567.175,0.048373428226904366,1.360954345516116
908,908,SMC_283,2,2575.4,0.04486099169176856,1.2041083869436169
909,909,SMC_284,2,4818.7,0.024317310760497767,1.7956251440881466
910,910,SMC_285,2,3029.175,0.014933436460027413,1.888258875285584
911,911,SMC_286,2,2397.8,0.04166611903057645,1.1729076278339432
912,912,SMC_287,2,2923.425,0.06604812291066445,1.6763214226937586
913,913,SMC_288,2,2818.025,0.06486698673078195,1.9259794216180548
914,914,SMC_289,2,1924.675,0.015897287132676897,1.362059363314055
